id,Predicted_Price_USD
0,15455.732
1,36633.26
2,25327.818
3,39140.09
4,34505.574
5,10395.175
6,15927.582
7,39361.625
8,58289.883
9,15285.564
10,20293.143
11,52608.492
12,16251.967
13,14372.781
14,61714.36
15,7724.224
16,21606.117
17,14317.972
18,24336.191
19,26874.719
20,30040.898
21,14699.244
22,26190.408
23,30045.709
24,23011.225
25,15463.134
26,18410.137
27,37848.21
28,15622.007
29,17468.045
30,54052.84
31,34256.11
32,61063.945
33,30579.28
34,7553.134
35,6745.087
36,19302.475
37,40138.008
38,22129.336
39,14073.01
40,8504.7295
41,75919.48
42,26998.83
43,48029.387
44,81525.086
45,24739.379
46,9869.306
47,21487.307
48,20603.027
49,32655.64
50,11125.774
51,12636.879
52,22343.418
53,20248.625
54,18223.47
55,16840.164
56,9681.386
57,54899.32
58,17526.361
59,9332.7
60,33580.47
61,9568.293
62,17890.33
63,19517.342
64,100912.8
65,30556.246
66,18221.953
67,29800.766
68,9730.222
69,18403.227
70,13206.951
71,24909.586
72,24986.182
73,25065.652
74,16732.432
75,21698.328
76,20202.002
77,10965.845
78,14727.416
79,16616.818
80,33211.195
81,21253.262
82,84851.484
83,19183.316
84,16029.328
85,14569.251
86,15588.64
87,33967.117
88,39391.85
89,13997.117
90,23120.283
91,24659.104
92,77826.67
93,25009.635
94,52427.805
95,14874.753
96,11400.045
97,20796.139
98,30260.037
99,12433.934
100,34094.195
101,15129.37
102,49904.793
103,22255.785
104,50487.297
105,36926.863
106,58893.31
107,24846.342
108,16279.946
109,17048.07
110,16203.502
111,11601.757
112,36542.09
113,31088.07
114,15098.402
115,15068.903
116,28045.72
117,14596.224
118,49474.137
119,13076.53
120,27074.781
121,54576.875
122,25552.236
123,26934.889
124,19368.932
125,24538.459
126,89139.734
127,31451.965
128,29773.398
129,51953.887
130,16205.716
131,44002.902
132,29517.451
133,15034.408
134,22794.365
135,21518.22
136,15433.321
137,13965.961
138,30063.543
139,27965.076
140,32074.201
141,26705.105
142,38067.902
143,32016.883
144,17763.133
145,31340.46
146,30608.172
147,17802.375
148,56778.5
149,12180.045
150,9442.971
151,26150.258
152,24726.5
153,26246.021
154,19996.756
155,30975.283
156,43212.57
157,28053.543
158,97942.12
159,25667.385
160,25449.549
161,16669.035
162,54447.336
163,11292.41
164,29539.115
165,83832.66
166,8708.933
167,27095.53
168,39195.06
169,24747.72
170,32599.688
171,38161.77
172,26075.78
173,51524.41
174,18250.36
175,20559.594
176,27074.977
177,69298.99
178,14571.059
179,25872.234
180,26197.084
181,11429.202
182,17404.486
183,17035.29
184,16651.764
185,34435.734
186,40946.883
187,26535.229
188,11776.883
189,18568.918
190,40719.465
191,28054.852
192,21412.213
193,22312.457
194,18543.602
195,20290.74
196,12369.407
197,14759.452
198,24164.412
199,15767.497
200,19574.717
201,22704.162
202,21456.418
203,27392.441
204,19158.828
205,12009.12
206,19421.482
207,29442.916
208,18091.602
209,19731.752
210,27087.398
211,19733.943
212,39479.617
213,27425.74
214,13827.319
215,24763.732
216,26039.006
217,41944.066
218,36500.176
219,13489.651
220,30686.209
221,52146.28
222,36379.76
223,26498.336
224,12890.77
225,10521.365
226,37159.39
227,177887.17
228,23696.82
229,24070.936
230,66036.97
231,25233.418
232,32254.545
233,50696.918
234,24109.158
235,37754.043
236,50447.176
237,123927.766
238,56549.184
239,28771.328
240,34090.4
241,53460.145
242,15672.407
243,17878.46
244,28095.096
245,16215.662
246,16579.236
247,11991.859
248,25590.129
249,40569.574
250,16199.792
251,40619.53
252,17585.924
253,23697.8
254,37404.242
255,19613.219
256,14166.551
257,13558.244
258,25414.486
259,24756.56
260,19399.39
261,34221.42
262,10839.974
263,30128.564
264,74261.72
265,26139.844
266,41736.16
267,20058.338
268,29645.748
269,28328.947
270,27190.438
271,33532.18
272,32892.785
273,24275.672
274,47048.773
275,10387.083
276,13615.48
277,22837.857
278,36671.645
279,20194.55
280,12010.121
281,18801.373
282,11041.642
283,17327.68
284,18987.754
285,51842.395
286,16495.865
287,29413.975
288,23886.79
289,20330.01
290,17365.914
291,22692.564
292,13390.976
293,41094.613
294,11750.403
295,48967.855
296,49579.812
297,40799.695
298,18823.936
299,10345.115
300,30027.098
301,27440.355
302,29766.002
303,30071.482
304,62076.387
305,83806.195
306,24102.748
307,29222.604
308,20117.154
309,20680.527
310,26100.338
311,11583.276
312,26152.68
313,220938.92
314,29827.6
315,51484.65
316,36851.945
317,11656.2295
318,21767.543
319,67543.38
320,13614.964
321,7791.1978
322,27978.283
323,41749.074
324,28784.475
325,38418.27
326,29751.424
327,27040.77
328,85440.78
329,25598.156
330,14392.712
331,36609.227
332,23182.287
333,15253.043
334,28549.857
335,19087.389
336,7553.091
337,29394.23
338,25728.943
339,17624.309
340,25175.783
341,20602.527
342,11003.382
343,20645.506
344,14018.956
345,22567.16
346,66347.11
347,21689.848
348,19000.139
349,25635.572
350,25570.877
351,16072.673
352,13387.418
353,10488.351
354,21115.023
355,40433.492
356,14581.146
357,22979.73
358,12212.019
359,22185.066
360,12828.201
361,26021.186
362,52373.395
363,12653.655
364,27096.26
365,12654.056
366,34662.75
367,10244.24
368,29860.621
369,27019.645
370,16290.519
371,17020.95
372,20297.771
373,11533.333
374,34073.285
375,29206.28
376,27442.938
377,17638.4
378,18607.953
379,9625.694
380,12777.651
381,56666.93
382,25613.58
383,15278.399
384,24642.35
385,27246.59
386,14082.679
387,29533.537
388,26479.707
389,29381.682
390,36791.703
391,25652.527
392,23877.229
393,27015.527
394,121123.1
395,27052.545
396,19004.98
397,53596.426
398,39951.855
399,30695.475
400,28623.28
401,16719.398
402,30820.703
403,41099.79
404,21108.371
405,13475.972
406,24976.857
407,15502.701
408,27979.904
409,25195.262
410,16133.509
411,14525.183
412,9323.81
413,35658.703
414,32983.195
415,15171.417
416,15309.697
417,19449.414
418,170901.53
419,16229.395
420,40144.574
421,10965.845
422,28005.598
423,31743.82
424,29393.781
425,32688.26
426,26574.71
427,30086.22
428,40546.113
429,18944.576
430,26192.96
431,29066.805
432,48805.695
433,18781.443
434,44792.22
435,42891.66
436,23101.732
437,39885.613
438,40529.08
439,24965.688
440,31841.031
441,14399.505
442,31876.975
443,25050.527
444,31976.006
445,30029.213
446,25958.775
447,33814.75
448,37369.703
449,10858.9
450,13087.927
451,122739.484
452,17677.582
453,39443.664
454,17986.092
455,21338.412
456,7781.117
457,28221.059
458,69465.19
459,17870.84
460,24177.197
461,52403.605
462,52366.0
463,13387.089
464,15257.966
465,33819.586
466,22223.305
467,13322.093
468,35564.402
469,18445.787
470,23483.57
471,82609.586
472,15441.186
473,22033.518
474,26526.25
475,15607.635
476,39051.81
477,73317.97
478,31477.28
479,14440.628
480,61942.2
481,26041.465
482,19655.318
483,11821.717
484,12391.953
485,32510.6
486,35822.895
487,13927.64
488,29268.76
489,28149.088
490,13839.383
491,64566.02
492,19149.385
493,16030.321
494,21394.256
495,40741.086
496,14138.798
497,21882.889
498,33673.758
499,28882.684
500,12973.569
501,16251.916
502,21356.355
503,15464.986
504,33351.816
505,18151.863
506,24530.738
507,41409.42
508,19568.232
509,52632.105
510,32713.115
511,15434.475
512,28022.373
513,38283.75
514,19117.816
515,13319.699
516,32041.502
517,12906.067
518,26364.78
519,39238.38
520,28170.92
521,30888.408
522,39000.227
523,24509.18
524,35842.426
525,33318.395
526,32567.19
527,32154.988
528,22295.268
529,17006.969
530,28277.154
531,63317.41
532,49511.426
533,15903.737
534,27383.844
535,23981.73
536,33155.055
537,19546.172
538,87122.98
539,12884.211
540,18339.76
541,18658.03
542,10811.644
543,15717.398
544,15871.699
545,21962.895
546,12931.799
547,23921.307
548,16126.436
549,15519.886
550,20521.426
551,44833.613
552,31382.764
553,16221.605
554,25270.576
555,25754.635
556,44689.36
557,18614.076
558,33144.766
559,26856.68
560,18449.639
561,14792.924
562,20243.703
563,30743.482
564,27012.117
565,18842.39
566,38074.746
567,9830.515
568,23726.758
569,31142.447
570,16635.416
571,22164.797
572,49780.66
573,32921.52
574,20243.541
575,14542.957
576,32158.305
577,34171.266
578,11292.114
579,24498.68
580,22607.365
581,18743.662
582,21353.418
583,50689.668
584,64065.605
585,15380.811
586,9627.862
587,15596.171
588,48422.9
589,38761.195
590,32592.396
591,26517.26
592,51621.18
593,33874.492
594,22113.672
595,20766.896
596,23503.22
597,19927.598
598,12957.442
599,31629.543
600,25524.064
601,14378.626
602,14806.062
603,13336.734
604,20514.537
605,33062.95
606,43509.867
607,30252.135
608,26189.3
609,20366.148
610,15950.052
611,18118.742
612,7637.229
613,36127.254
614,12895.346
615,17800.002
616,56542.074
617,39463.152
618,24451.5
619,21742.367
620,33917.46
621,30305.16
622,20854.822
623,12108.073
624,12644.398
625,37678.99
626,13719.055
627,14370.151
628,131307.8
629,33773.266
630,14689.908
631,21508.916
632,33605.79
633,41865.668
634,14693.661
635,13018.033
636,24451.426
637,36928.895
638,68944.555
639,18787.203
640,36420.918
641,16744.152
642,18299.492
643,12741.152
644,23524.93
645,15416.469
646,15774.205
647,25210.846
648,12267.414
649,12122.906
650,14289.571
651,47248.543
652,21955.205
653,18581.377
654,19818.408
655,21728.635
656,27765.482
657,25327.639
658,11410.664
659,23898.28
660,49942.973
661,112703.516
662,18238.861
663,13528.138
664,27579.312
665,15474.541
666,25988.176
667,26620.848
668,25550.844
669,10269.685
670,31429.336
671,49342.176
672,20228.246
673,22847.633
674,44612.863
675,44391.74
676,35902.785
677,9453.414
678,26104.752
679,36941.125
680,29540.547
681,16017.389
682,21577.338
683,33073.33
684,14659.382
685,56366.09
686,18698.145
687,39724.805
688,15301.363
689,49487.477
690,38489.46
691,21705.113
692,30362.719
693,24335.22
694,22594.805
695,15302.36
696,19070.354
697,13703.536
698,11473.845
699,12488.695
700,12978.35
701,7256.145
702,22396.26
703,24538.086
704,15181.03
705,19637.79
706,18839.623
707,16761.81
708,15257.222
709,14466.022
710,34113.992
711,23092.383
712,33130.64
713,20904.691
714,20849.762
715,19070.709
716,39919.098
717,20291.066
718,14898.839
719,30179.084
720,12938.623
721,22693.873
722,15845.261
723,25523.697
724,40811.55
725,21924.686
726,24158.074
727,26751.664
728,19256.705
729,34840.49
730,30545.795
731,18510.918
732,10198.871
733,20374.963
734,12450.551
735,58730.387
736,17067.184
737,18884.506
738,38030.266
739,42399.69
740,24469.967
741,25088.994
742,10280.075
743,38899.0
744,21566.488
745,12655.972
746,36258.027
747,16264.83
748,31940.729
749,12807.904
750,12825.516
751,52597.906
752,24863.092
753,44388.18
754,19226.777
755,27384.51
756,24140.59
757,14423.587
758,21698.328
759,25725.469
760,12638.353
761,21488.977
762,21870.352
763,32007.043
764,25068.928
765,18449.652
766,24717.938
767,20443.293
768,17396.387
769,13187.55
770,12915.689
771,55084.652
772,21635.297
773,18614.828
774,22331.547
775,23194.492
776,13458.062
777,10970.361
778,36184.25
779,36155.566
780,11207.477
781,25370.629
782,27596.006
783,38613.113
784,17575.895
785,29948.447
786,29817.354
787,13220.94
788,25778.227
789,15293.005
790,23701.488
791,33464.703
792,28374.908
793,13497.306
794,15296.608
795,18061.615
796,11378.694
797,50314.86
798,29621.91
799,38417.227
800,32130.863
801,30083.703
802,23456.709
803,20272.838
804,42606.348
805,11010.659
806,17207.508
807,17874.027
808,31829.71
809,12597.436
810,18649.1
811,16964.293
812,16523.77
813,40803.395
814,25214.309
815,27423.922
816,26485.875
817,27206.08
818,16821.643
819,25786.996
820,30561.098
821,11097.318
822,23780.338
823,15161.25
824,66136.56
825,19782.926
826,19623.69
827,37373.12
828,14319.469
829,25664.484
830,30930.621
831,24944.422
832,20442.543
833,25373.303
834,23547.346
835,37498.977
836,21699.072
837,48372.402
838,13938.581
839,39253.996
840,25635.56
841,25222.512
842,34540.547
843,48162.04
844,12716.603
845,18143.912
846,37176.86
847,41204.402
848,13407.707
849,29683.457
850,11978.282
851,83850.664
852,53875.316
853,13596.515
854,30490.703
855,11568.267
856,13759.221
857,19383.105
858,31355.34
859,19770.012
860,13465.971
861,52789.34
862,33641.508
863,39494.03
864,19997.744
865,38076.492
866,14487.899
867,19114.996
868,36555.46
869,16055.871
870,19130.592
871,11296.769
872,19200.588
873,29785.912
874,31376.963
875,22285.146
876,18287.887
877,16683.275
878,14896.325
879,28075.893
880,10960.6875
881,14755.225
882,16464.666
883,16605.691
884,24992.607
885,8638.063
886,17026.443
887,35065.86
888,30579.28
889,24568.953
890,17591.754
891,21692.396
892,13041.239
893,30658.475
894,33794.29
895,173849.95
896,37963.3
897,62077.44
898,17282.139
899,16429.27
900,17646.668
901,41879.484
902,14957.41
903,35978.08
904,27171.633
905,24910.252
906,29350.896
907,19893.805
908,17960.398
909,27335.205
910,26596.305
911,15360.64
912,34919.082
913,21924.904
914,18949.059
915,12954.25
916,14885.085
917,21362.812
918,30171.525
919,19759.219
920,37087.523
921,38472.414
922,16200.866
923,9545.088
924,12449.6045
925,16227.127
926,64274.05
927,24781.15
928,14562.075
929,14706.923
930,32494.12
931,18244.426
932,25658.998
933,25214.156
934,51888.156
935,53256.406
936,24337.652
937,14679.352
938,16652.545
939,23600.236
940,25154.652
941,37879.86
942,13551.731
943,22972.023
944,18524.756
945,29470.29
946,19403.23
947,30094.744
948,17104.518
949,24500.957
950,26494.121
951,15797.865
952,42087.47
953,23653.85
954,41768.836
955,24637.451
956,18380.96
957,11953.531
958,10400.174
959,13944.086
960,33123.668
961,22989.535
962,25216.41
963,31736.492
964,29701.82
965,21131.854
966,9681.454
967,15965.43
968,18686.336
969,32224.037
970,24709.096
971,56688.957
972,21178.982
973,22408.771
974,17215.748
975,39026.77
976,24240.668
977,10841.555
978,32507.582
979,20088.016
980,24000.025
981,19834.934
982,15569.61
983,23781.896
984,20375.69
985,18012.273
986,36591.16
987,13262.842
988,12588.628
989,17048.467
990,29753.67
991,19138.74
992,14369.737
993,37455.746
994,11397.55
995,30876.781
996,22388.635
997,14911.878
998,29544.648
999,15887.827
1000,13971.032
1001,26543.307
1002,20806.594
1003,27243.732
1004,11142.739
1005,16043.804
1006,38397.508
1007,24055.605
1008,7109.7666
1009,75870.46
1010,35455.05
1011,23834.44
1012,21528.605
1013,13670.67
1014,9715.027
1015,11997.455
1016,13199.577
1017,19858.168
1018,13859.312
1019,16210.618
1020,8473.789
1021,65746.81
1022,14213.154
1023,23341.95
1024,27467.943
1025,38088.004
1026,18941.562
1027,24042.768
1028,25073.709
1029,35297.105
1030,20000.883
1031,33136.547
1032,40584.85
1033,15350.46
1034,15317.38
1035,48448.45
1036,16643.076
1037,15247.62
1038,76893.945
1039,9069.083
1040,33254.48
1041,16043.323
1042,13612.696
1043,14557.014
1044,14110.379
1045,38964.023
1046,24467.232
1047,14184.457
1048,16907.29
1049,27726.97
1050,80293.58
1051,16096.55
1052,37377.44
1053,76068.64
1054,17429.572
1055,22199.412
1056,22796.184
1057,14189.523
1058,14840.658
1059,31629.84
1060,15065.27
1061,47346.75
1062,25736.604
1063,16123.194
1064,65286.176
1065,13158.547
1066,20148.844
1067,42300.05
1068,21384.584
1069,78922.9
1070,26485.527
1071,31368.654
1072,33754.605
1073,11278.417
1074,59902.914
1075,44670.996
1076,15940.642
1077,26136.934
1078,21898.104
1079,11321.789
1080,16058.614
1081,16790.393
1082,27979.777
1083,13093.469
1084,18514.334
1085,30073.342
1086,29369.111
1087,16458.889
1088,44753.348
1089,21522.543
1090,20645.113
1091,19242.926
1092,36929.957
1093,21359.336
1094,18576.91
1095,27084.297
1096,12919.171
1097,33371.945
1098,33540.363
1099,38174.883
1100,18999.158
1101,19778.082
1102,38405.28
1103,17686.842
1104,61767.285
1105,24140.82
1106,15956.826
1107,55781.207
1108,25039.803
1109,20660.316
1110,25797.875
1111,29884.777
1112,12067.873
1113,33915.637
1114,32137.115
1115,27285.045
1116,20409.174
1117,42269.8
1118,25624.387
1119,18316.373
1120,39070.465
1121,26891.574
1122,22701.838
1123,30898.068
1124,22884.49
1125,29635.164
1126,13082.812
1127,16771.75
1128,14355.436
1129,26913.674
1130,45477.504
1131,11423.21
1132,16391.42
1133,17331.412
1134,11124.676
1135,19403.625
1136,17492.547
1137,13412.614
1138,31736.479
1139,22057.346
1140,28318.404
1141,22637.082
1142,48991.184
1143,14313.738
1144,21979.098
1145,16663.992
1146,32083.623
1147,29572.984
1148,16538.445
1149,40487.08
1150,26984.746
1151,25495.08
1152,10666.986
1153,32154.25
1154,30464.787
1155,49359.527
1156,41508.516
1157,13307.456
1158,26690.174
1159,26591.219
1160,24230.512
1161,25059.78
1162,28045.877
1163,16332.551
1164,24339.898
1165,20181.35
1166,11968.735
1167,25894.44
1168,26280.387
1169,16746.41
1170,20524.23
1171,31685.443
1172,13614.145
1173,17406.604
1174,65551.28
1175,15018.16
1176,30283.861
1177,21432.422
1178,11752.198
1179,29229.314
1180,22666.898
1181,34955.812
1182,25921.91
1183,16116.693
1184,13001.602
1185,45677.05
1186,35575.66
1187,29003.293
1188,34972.504
1189,30290.125
1190,48212.69
1191,26365.512
1192,28251.955
1193,27088.115
1194,15455.768
1195,15835.578
1196,31199.912
1197,22180.408
1198,15263.0
1199,21174.377
1200,32648.266
1201,19524.398
1202,41445.895
1203,32924.676
1204,21808.477
1205,15142.335
1206,23028.447
1207,40024.28
1208,40612.92
1209,14071.724
1210,36136.17
1211,15834.251
1212,19285.74
1213,21406.377
1214,25866.434
1215,29850.098
1216,38901.78
1217,23584.926
1218,20118.756
1219,13468.36
1220,13306.472
1221,32475.22
1222,30587.209
1223,22517.314
1224,42274.605
1225,12791.87
1226,24299.705
1227,18960.77
1228,12051.898
1229,23237.068
1230,56857.24
1231,19714.16
1232,21352.91
1233,20923.105
1234,22096.361
1235,25456.293
1236,14069.128
1237,36162.89
1238,25110.533
1239,26002.67
1240,21534.668
1241,31146.979
1242,28315.91
1243,33489.54
1244,36530.676
1245,29675.771
1246,65023.97
1247,17320.46
1248,21016.123
1249,19932.268
1250,12367.122
1251,15342.916
1252,30213.059
1253,38148.812
1254,11132.004
1255,25864.812
1256,13946.496
1257,45638.227
1258,14829.907
1259,40909.39
1260,11955.635
1261,45405.348
1262,67031.21
1263,25261.996
1264,35005.195
1265,30091.79
1266,38887.477
1267,17129.357
1268,6658.489
1269,31116.9
1270,31626.41
1271,30125.576
1272,23925.277
1273,13908.8125
1274,17516.537
1275,22850.805
1276,54322.082
1277,28893.568
1278,20675.72
1279,16240.28
1280,11225.895
1281,25755.23
1282,17404.287
1283,17555.977
1284,19304.193
1285,18717.492
1286,14537.831
1287,13153.709
1288,27723.135
1289,25010.754
1290,9664.928
1291,28053.848
1292,18210.566
1293,32820.004
1294,27225.234
1295,19576.062
1296,83150.21
1297,16789.111
1298,78131.74
1299,24789.21
1300,21020.791
1301,42431.28
1302,17390.715
1303,35580.977
1304,15243.032
1305,37972.38
1306,44635.496
1307,16097.789
1308,13693.387
1309,21761.227
1310,16341.027
1311,17656.004
1312,49383.406
1313,20543.797
1314,21378.217
1315,37631.9
1316,18275.938
1317,36667.438
1318,33955.49
1319,25568.19
1320,18425.658
1321,15287.579
1322,36236.383
1323,13326.292
1324,20188.307
1325,96251.86
1326,19277.719
1327,13880.886
1328,26442.51
1329,32057.553
1330,33155.383
1331,10345.222
1332,25182.678
1333,35974.06
1334,45196.883
1335,17783.428
1336,29067.67
1337,26189.906
1338,18648.041
1339,24048.646
1340,13953.762
1341,42650.254
1342,17165.908
1343,19901.873
1344,23941.008
1345,21945.453
1346,26478.172
1347,30637.809
1348,18754.143
1349,14165.389
1350,17435.148
1351,18238.486
1352,28015.168
1353,23905.965
1354,18116.955
1355,9545.088
1356,21364.55
1357,45422.32
1358,14327.433
1359,28557.996
1360,54904.754
1361,25199.967
1362,36082.805
1363,18710.896
1364,30575.113
1365,18300.525
1366,32092.873
1367,36050.27
1368,6062.5986
1369,11944.459
1370,21411.621
1371,37719.164
1372,14069.583
1373,12040.751
1374,26220.404
1375,29385.195
1376,29802.188
1377,29532.955
1378,27154.488
1379,40359.62
1380,49467.84
1381,31961.844
1382,25345.156
1383,124621.01
1384,15877.2295
1385,50217.266
1386,39709.957
1387,15613.263
1388,24936.256
1389,17859.242
1390,77594.0
1391,10437.36
1392,25943.94
1393,32490.156
1394,17848.621
1395,25465.555
1396,34447.59
1397,67854.92
1398,75508.22
1399,36191.85
1400,32030.945
1401,17929.158
1402,16383.286
1403,58052.926
1404,28324.533
1405,32194.51
1406,46003.586
1407,20001.959
1408,49960.996
1409,26360.416
1410,21630.19
1411,31234.193
1412,22075.67
1413,50467.055
1414,156368.52
1415,29893.746
1416,41035.484
1417,27661.5
1418,15917.205
1419,28290.32
1420,25464.934
1421,13722.828
1422,18377.275
1423,38079.285
1424,17871.135
1425,33781.598
1426,22961.52
1427,27936.945
1428,30111.656
1429,38094.26
1430,23218.213
1431,17840.377
1432,18614.326
1433,33647.883
1434,32607.934
1435,29370.148
1436,20908.746
1437,17797.375
1438,18814.803
1439,22759.412
1440,11625.274
1441,17781.316
1442,11976.742
1443,26690.174
1444,39167.1
1445,16626.629
1446,25040.947
1447,35913.945
1448,36423.902
1449,20302.986
1450,14984.763
1451,34608.293
1452,26895.418
1453,30382.424
1454,17830.629
1455,25141.64
1456,6881.9453
1457,32748.416
1458,103340.42
1459,13651.954
1460,7697.0146
1461,10577.5625
1462,45151.613
1463,53751.46
1464,18233.936
1465,29207.277
1466,29665.623
1467,16903.4
1468,49412.664
1469,64086.477
1470,36174.2
1471,27121.395
1472,30807.736
1473,19331.41
1474,50753.32
1475,36325.008
1476,17733.324
1477,29278.305
1478,23869.336
1479,19944.557
1480,19998.18
1481,12378.289
1482,65243.895
1483,66771.48
1484,26055.076
1485,26084.1
1486,57945.47
1487,17330.201
1488,15513.539
1489,9846.417
1490,40422.008
1491,24215.418
1492,23305.031
1493,37008.586
1494,86179.9
1495,36945.375
1496,44546.29
1497,12027.183
1498,26783.012
1499,27322.66
1500,34202.33
1501,43200.992
1502,8465.499
1503,21447.17
1504,38084.223
1505,23575.195
1506,44532.207
1507,25604.332
1508,28949.42
1509,34026.266
1510,25724.72
1511,16627.107
1512,12715.084
1513,20098.902
1514,36376.152
1515,24469.469
1516,35549.21
1517,41402.504
1518,33148.984
1519,32213.92
1520,18055.56
1521,16744.705
1522,18023.691
1523,12836.673
1524,31413.393
1525,44679.883
1526,11821.818
1527,26452.057
1528,30921.773
1529,15172.124
1530,19366.77
1531,29021.393
1532,17461.557
1533,56043.785
1534,27047.475
1535,33742.242
1536,12881.688
1537,43617.094
1538,28461.479
1539,28182.455
1540,17941.44
1541,12683.513
1542,25634.184
1543,24839.936
1544,40120.402
1545,30403.871
1546,23254.49
1547,27229.098
1548,18556.873
1549,31212.307
1550,31073.734
1551,29050.174
1552,23677.08
1553,8723.384
1554,16214.098
1555,42676.137
1556,36353.67
1557,19375.988
1558,23794.018
1559,24971.248
1560,14043.81
1561,27861.41
1562,49793.805
1563,40798.035
1564,15832.697
1565,41542.703
1566,20864.346
1567,32845.61
1568,11277.523
1569,25750.244
1570,24356.025
1571,23768.896
1572,15960.795
1573,12670.406
1574,48720.625
1575,22052.113
1576,28110.674
1577,18226.688
1578,40896.04
1579,39044.816
1580,20535.434
1581,30377.861
1582,8226.747
1583,12076.692
1584,41102.05
1585,13253.886
1586,22339.684
1587,26732.53
1588,31701.361
1589,31039.865
1590,23362.861
1591,42386.113
1592,14777.054
1593,10489.647
1594,21926.754
1595,18256.975
1596,39207.473
1597,22952.07
1598,15493.522
1599,26149.787
1600,44543.67
1601,31700.652
1602,24831.969
1603,22488.11
1604,16484.041
1605,41243.594
1606,12245.599
1607,63454.3
1608,16164.431
1609,82958.57
1610,35742.684
1611,20902.531
1612,26609.463
1613,91741.55
1614,20818.697
1615,39762.547
1616,26067.062
1617,15925.963
1618,29098.834
1619,44501.21
1620,36154.12
1621,14530.183
1622,17665.422
1623,33179.887
1624,25653.072
1625,20463.36
1626,38138.918
1627,29964.639
1628,14825.083
1629,22836.105
1630,23199.105
1631,23275.236
1632,9938.998
1633,11284.276
1634,19446.854
1635,9230.445
1636,8857.801
1637,40412.1
1638,11761.084
1639,29536.824
1640,23240.643
1641,24077.646
1642,100299.17
1643,14851.631
1644,25182.678
1645,20047.96
1646,27640.2
1647,21902.29
1648,25496.74
1649,18790.523
1650,26649.543
1651,24849.492
1652,28862.717
1653,37848.21
1654,42856.08
1655,21839.121
1656,17450.578
1657,12249.147
1658,11284.051
1659,36816.145
1660,24811.443
1661,18568.514
1662,8426.7295
1663,14375.429
1664,15601.948
1665,25941.34
1666,56357.832
1667,39557.22
1668,33106.195
1669,11517.293
1670,26246.021
1671,21814.969
1672,23222.838
1673,40559.594
1674,18335.334
1675,14060.614
1676,43271.0
1677,14145.146
1678,12123.907
1679,24684.273
1680,59667.824
1681,62734.227
1682,22567.375
1683,11402.656
1684,22387.375
1685,37269.48
1686,12759.685
1687,16948.572
1688,9832.624
1689,14329.786
1690,33253.184
1691,23181.203
1692,19113.498
1693,18112.836
1694,35140.31
1695,21539.64
1696,44485.914
1697,19666.768
1698,14742.779
1699,13752.74
1700,36702.664
1701,11049.848
1702,11156.142
1703,22663.73
1704,39225.95
1705,39743.758
1706,15580.561
1707,29858.967
1708,38702.617
1709,12147.169
1710,30139.96
1711,20202.953
1712,54239.785
1713,11739.181
1714,11210.307
1715,36029.82
1716,22783.06
1717,28318.35
1718,13579.149
1719,16645.55
1720,41858.332
1721,72414.19
1722,39313.23
1723,17754.395
1724,21339.049
1725,63091.85
1726,79630.414
1727,56392.68
1728,15072.064
1729,20548.096
1730,13509.447
1731,28257.514
1732,40317.426
1733,56228.63
1734,30950.203
1735,16729.7
1736,22968.09
1737,14537.991
1738,20533.713
1739,38698.61
1740,10890.87
1741,20948.281
1742,37008.484
1743,14436.759
1744,27786.262
1745,51171.48
1746,28621.605
1747,21280.477
1748,29375.59
1749,22024.5
1750,22711.488
1751,19228.97
1752,15537.326
1753,16370.766
1754,32444.33
1755,22542.168
1756,19295.717
1757,39454.223
1758,24751.67
1759,28189.254
1760,75462.29
1761,13840.592
1762,66827.43
1763,27396.047
1764,24939.834
1765,49122.207
1766,26523.168
1767,26443.27
1768,15776.633
1769,52239.176
1770,25148.336
1771,8036.5283
1772,16684.926
1773,35611.81
1774,17338.975
1775,19458.52
1776,29259.727
1777,25256.582
1778,54591.7
1779,56719.348
1780,15305.925
1781,14800.029
1782,45158.117
1783,25700.225
1784,22186.082
1785,15310.327
1786,25412.46
1787,12601.662
1788,29273.47
1789,30351.48
1790,26766.55
1791,22164.723
1792,27878.99
1793,37426.215
1794,25872.121
1795,16136.967
1796,63563.05
1797,45651.41
1798,28389.223
1799,14080.34
1800,53302.695
1801,23913.564
1802,13541.608
1803,13997.359
1804,31525.77
1805,23858.645
1806,28231.707
1807,37891.94
1808,21450.232
1809,13508.575
1810,12971.574
1811,31538.469
1812,23334.959
1813,30290.697
1814,117150.44
1815,32571.791
1816,44739.355
1817,34348.066
1818,35117.043
1819,17974.809
1820,20325.785
1821,16603.916
1822,31924.77
1823,24929.785
1824,20329.22
1825,38430.363
1826,27569.285
1827,34665.027
1828,26049.145
1829,27554.947
1830,15683.873
1831,23041.984
1832,43509.867
1833,61417.383
1834,25857.773
1835,25941.896
1836,32683.93
1837,29621.91
1838,24519.336
1839,37531.926
1840,50102.96
1841,24061.328
1842,16349.197
1843,12190.254
1844,12316.413
1845,30069.52
1846,17811.44
1847,49092.97
1848,30192.969
1849,31842.33
1850,10791.04
1851,9464.867
1852,10436.785
1853,17577.387
1854,14041.152
1855,18525.85
1856,12791.064
1857,19019.977
1858,27710.457
1859,37487.71
1860,20457.977
1861,13642.227
1862,48109.34
1863,29946.64
1864,12846.235
1865,25997.445
1866,22381.107
1867,9831.427
1868,13365.819
1869,24488.873
1870,33381.76
1871,21356.242
1872,18714.385
1873,9992.8545
1874,24737.781
1875,26739.75
1876,19714.232
1877,21641.217
1878,33486.77
1879,51227.19
1880,16281.139
1881,17085.945
1882,20801.47
1883,25569.242
1884,62662.258
1885,37074.79
1886,29177.02
1887,7770.1987
1888,86629.086
1889,23874.572
1890,38367.004
1891,51643.727
1892,28986.14
1893,17860.42
1894,22517.81
1895,21711.314
1896,25289.455
1897,36182.695
1898,11462.858
1899,27710.662
1900,12949.289
1901,33499.773
1902,32060.447
1903,12246.893
1904,31946.05
1905,53834.312
1906,22120.967
1907,26366.172
1908,17936.996
1909,15632.084
1910,12981.463
1911,9273.54
1912,18116.355
1913,15783.118
1914,23707.248
1915,18799.66
1916,49312.344
1917,34567.125
1918,15531.111
1919,18029.424
1920,12172.802
1921,12122.367
1922,27814.148
1923,50333.605
1924,41191.81
1925,8724.2705
1926,11684.34
1927,37847.71
1928,17874.076
1929,28706.78
1930,21049.18
1931,30409.906
1932,29801.902
1933,12191.087
1934,22711.45
1935,40480.504
1936,15973.905
1937,16556.223
1938,10790.832
1939,26102.64
1940,30716.426
1941,11015.021
1942,21941.818
1943,21495.193
1944,9079.483
1945,41152.906
1946,26547.256
1947,18560.797
1948,30348.053
1949,43132.1
1950,22613.393
1951,17448.357
1952,23878.617
1953,32864.98
1954,20464.045
1955,31852.572
1956,26058.191
1957,10037.927
1958,13660.1045
1959,33703.99
1960,12877.457
1961,41153.87
1962,17156.176
1963,15073.634
1964,38331.96
1965,32290.615
1966,15902.679
1967,11721.717
1968,27507.41
1969,15803.789
1970,13510.684
1971,29165.67
1972,22325.377
1973,48912.965
1974,34896.723
1975,43714.836
1976,18029.938
1977,47424.5
1978,12558.621
1979,17202.023
1980,30740.371
1981,41375.848
1982,11690.586
1983,15786.908
1984,11705.053
1985,44891.734
1986,27187.191
1987,73730.98
1988,37871.49
1989,12943.905
1990,33106.043
1991,25038.701
1992,16818.2
1993,32498.61
1994,19861.31
1995,24771.895
1996,20413.65
1997,37554.176
1998,78258.17
1999,9104.393
2000,15021.832
2001,43762.27
2002,37567.234
2003,19302.475
2004,17305.176
2005,21263.184
2006,34377.32
2007,24504.482
2008,23884.56
2009,22239.574
2010,10137.675
2011,14750.788
2012,14232.743
2013,34816.34
2014,23005.336
2015,15589.518
2016,22002.953
2017,15664.79
2018,42356.867
2019,17768.082
2020,25820.328
2021,57080.812
2022,31269.518
2023,20039.928
2024,25282.46
2025,15744.655
2026,25085.596
2027,41296.184
2028,22879.432
2029,26006.361
2030,21433.291
2031,84701.45
2032,31320.338
2033,13334.629
2034,14152.38
2035,25473.545
2036,24394.389
2037,18236.064
2038,27230.803
2039,25450.213
2040,22701.326
2041,29887.49
2042,10035.538
2043,28426.928
2044,9129.819
2045,37199.336
2046,23374.346
2047,24910.637
2048,15302.478
2049,17203.615
2050,20866.11
2051,38839.996
2052,41213.777
2053,13961.293
2054,16806.88
2055,13392.314
2056,25942.584
2057,29280.191
2058,10398.555
2059,15229.049
2060,13423.997
2061,11624.389
2062,23339.578
2063,14472.326
2064,22285.18
2065,11772.462
2066,15174.1875
2067,25362.35
2068,14590.803
2069,10629.574
2070,13917.485
2071,13028.576
2072,26726.77
2073,41324.2
2074,32136.656
2075,12278.807
2076,18486.414
2077,19345.623
2078,28431.08
2079,16324.991
2080,8643.875
2081,32144.293
2082,20375.197
2083,33987.07
2084,24927.52
2085,12460.1045
2086,15613.446
2087,26640.078
2088,24161.807
2089,11042.274
2090,34271.613
2091,13587.305
2092,10563.075
2093,40454.69
2094,13289.263
2095,15808.867
2096,30950.596
2097,29004.283
2098,27257.195
2099,31445.613
2100,12220.552
2101,39196.805
2102,22403.664
2103,36312.145
2104,26154.03
2105,20064.4
2106,18706.855
2107,19055.441
2108,12758.296
2109,54934.76
2110,14807.541
2111,37992.5
2112,13152.7705
2113,15914.2295
2114,29670.172
2115,11086.841
2116,15935.314
2117,20374.707
2118,14022.368
2119,36825.824
2120,12214.677
2121,28535.521
2122,20858.963
2123,12864.917
2124,23634.56
2125,9320.054
2126,22394.54
2127,46795.746
2128,26481.467
2129,42710.453
2130,17125.895
2131,12033.83
2132,24975.361
2133,7206.615
2134,33618.027
2135,37647.664
2136,37838.344
2137,20495.953
2138,26000.375
2139,10542.309
2140,40887.727
2141,18537.328
2142,48510.375
2143,10152.809
2144,19570.459
2145,15490.123
2146,13307.987
2147,15123.757
2148,12285.461
2149,37174.86
2150,24346.057
2151,14015.259
2152,22503.941
2153,7991.7817
2154,16112.209
2155,32525.373
2156,12652.497
2157,37203.98
2158,44586.938
2159,20388.922
2160,17365.172
2161,42691.082
2162,32693.559
2163,17935.344
2164,26424.574
2165,27915.338
2166,26428.031
2167,15290.071
2168,39799.6
2169,17219.133
2170,23837.54
2171,50845.594
2172,41386.9
2173,15665.232
2174,14088.957
2175,24367.066
2176,17136.635
2177,27553.19
2178,10281.073
2179,17004.428
2180,38192.434
2181,59872.227
2182,14911.603
2183,32271.143
2184,15689.035
2185,14178.633
2186,33786.9
2187,12712.306
2188,25743.87
2189,35814.89
2190,37783.824
2191,38378.28
2192,24991.69
2193,39205.92
2194,18773.275
2195,33357.434
2196,22496.674
2197,55365.062
2198,25647.092
2199,20154.137
2200,28945.756
2201,19964.484
2202,12021.431
2203,27537.492
2204,14256.65
2205,33916.23
2206,25639.963
2207,37420.113
2208,12847.192
2209,17829.121
2210,39194.605
2211,11202.242
2212,18016.322
2213,37708.867
2214,11135.014
2215,14548.511
2216,27111.775
2217,32335.898
2218,13864.33
2219,22048.508
2220,25152.875
2221,33675.965
2222,22385.557
2223,16171.134
2224,50084.504
2225,15069.283
2226,36251.668
2227,11003.94
2228,14125.843
2229,30514.29
2230,11888.117
2231,25086.672
2232,20258.564
2233,25313.477
2234,37372.734
2235,27310.814
2236,11811.218
2237,22667.09
2238,17986.328
2239,38883.99
2240,27557.475
2241,105648.445
2242,10315.001
2243,24328.312
2244,10344.915
2245,29755.082
2246,17288.209
2247,37065.402
2248,34202.242
2249,20202.953
2250,68961.875
2251,20771.459
2252,30272.762
2253,26687.41
2254,8897.856
2255,32386.053
2256,16812.594
2257,15487.321
2258,25893.107
2259,21581.26
2260,40060.88
2261,11491.341
2262,15471.933
2263,26397.71
2264,35966.88
2265,23719.521
2266,13849.792
2267,25383.18
2268,17942.355
2269,38186.58
2270,19576.062
2271,13221.527
2272,22283.268
2273,35113.887
2274,30476.566
2275,13097.637
2276,54858.062
2277,15442.734
2278,28578.43
2279,13510.089
2280,21656.22
2281,24163.092
2282,27523.928
2283,18814.408
2284,9698.696
2285,23620.744
2286,38951.582
2287,14501.7295
2288,22408.771
2289,26257.352
2290,64779.48
2291,22931.293
2292,12464.575
2293,10482.35
2294,18064.11
2295,32617.908
2296,36979.496
2297,32228.555
2298,16030.147
2299,37919.81
2300,15212.439
2301,37321.574
2302,9287.407
2303,12612.734
2304,12977.042
2305,15865.942
2306,46766.22
2307,17360.994
2308,33131.047
2309,132975.3
2310,52771.113
2311,45813.76
2312,11182.066
2313,31208.445
2314,18495.258
2315,27143.232
2316,22625.406
2317,15264.071
2318,25401.957
2319,22759.346
2320,23254.492
2321,11403.791
2322,31098.336
2323,32811.758
2324,19732.615
2325,10756.017
2326,30255.117
2327,28253.734
2328,27097.674
2329,17369.693
2330,83787.94
2331,29591.16
2332,36934.63
2333,39178.8
2334,37563.18
2335,19130.672
2336,26618.717
2337,22055.254
2338,28382.736
2339,30143.277
2340,84396.5
2341,33309.76
2342,31965.67
2343,17784.879
2344,16673.57
2345,30514.146
2346,19923.418
2347,25920.518
2348,36381.375
2349,23490.932
2350,23369.615
2351,26871.58
2352,8815.998
2353,30515.67
2354,57694.387
2355,15309.988
2356,11926.043
2357,38069.73
2358,125730.625
2359,14346.151
2360,25173.059
2361,29258.193
2362,24764.678
2363,26596.36
2364,15394.846
2365,15996.417
2366,15277.27
2367,19944.557
2368,25988.176
2369,40454.367
2370,30202.562
2371,16197.116
2372,20466.227
2373,23539.367
2374,17649.63
2375,19548.701
2376,35892.12
2377,25628.785
2378,103197.41
2379,38954.71
2380,24847.406
2381,36971.562
2382,48440.055
2383,26961.234
2384,44391.13
2385,23600.945
2386,34205.383
2387,16384.793
2388,29100.543
2389,24578.05
2390,14728.866
2391,26578.156
2392,29315.549
2393,29499.85
2394,59199.17
2395,43580.93
2396,35136.203
2397,25501.537
2398,30316.05
2399,38790.652
2400,18498.238
2401,29238.602
2402,66791.96
2403,43280.887
2404,53541.24
2405,14997.899
2406,37264.69
2407,33285.934
2408,78664.15
2409,33412.977
2410,25581.107
2411,17651.436
2412,58291.77
2413,27339.092
2414,36115.0
2415,28809.832
2416,42945.277
2417,24394.982
2418,12463.702
2419,27174.684
2420,36559.934
2421,11401.482
2422,17537.994
2423,28468.264
2424,16242.19
2425,20090.77
2426,21302.154
2427,14913.793
2428,61189.43
2429,23360.027
2430,19501.65
2431,18794.385
2432,26384.71
2433,19168.285
2434,47375.773
2435,13250.78
2436,21160.969
2437,17589.42
2438,25133.031
2439,14527.633
2440,76799.15
2441,17476.225
2442,17169.678
2443,39354.555
2444,15672.818
2445,41152.906
2446,27884.648
2447,12256.871
2448,26567.682
2449,155596.38
2450,36669.113
2451,14755.858
2452,29612.072
2453,63393.41
2454,15527.098
2455,14401.174
2456,22655.992
2457,63962.906
2458,18494.424
2459,26247.775
2460,14262.025
2461,9766.332
2462,24705.316
2463,11816.8955
2464,17273.523
2465,27863.408
2466,31799.205
2467,67272.836
2468,19983.566
2469,13086.344
2470,20963.434
2471,25988.998
2472,63125.688
2473,34804.684
2474,52897.133
2475,25746.191
2476,24231.39
2477,23755.104
2478,7703.985
2479,17775.74
2480,27780.771
2481,29465.719
2482,21097.686
2483,30022.951
2484,13978.926
2485,20191.887
2486,30350.572
2487,11589.665
2488,21582.78
2489,30625.158
2490,14346.963
2491,11304.032
2492,16163.701
2493,13968.83
2494,7916.033
2495,36573.117
2496,15688.77
2497,27089.89
2498,37883.15
2499,31100.184
2500,16113.474
2501,30664.896
2502,14643.962
2503,21611.346
2504,12386.2
2505,22506.773
2506,18126.074
2507,25687.123
2508,23777.611
2509,21229.084
2510,25021.26
2511,18418.504
2512,29133.51
2513,13784.524
2514,26356.445
2515,20160.607
2516,17793.672
2517,37439.19
2518,19039.342
2519,12875.398
2520,37301.86
2521,19999.334
2522,10076.381
2523,79853.3
2524,9095.351
2525,37845.555
2526,12742.468
2527,12732.2705
2528,14702.428
2529,8670.064
2530,17621.28
2531,49829.668
2532,18605.188
2533,15796.757
2534,25646.059
2535,36745.18
2536,14893.777
2537,10601.903
2538,16426.639
2539,13602.1455
2540,15717.795
2541,24702.186
2542,32931.91
2543,21709.396
2544,15916.164
2545,14484.108
2546,31540.893
2547,13262.515
2548,8457.566
2549,29204.83
2550,103369.49
2551,22873.396
2552,87503.12
2553,30236.418
2554,20160.955
2555,24560.783
2556,25800.557
2557,29048.238
2558,58489.457
2559,32869.582
2560,10305.989
2561,16223.798
2562,19514.51
2563,91741.55
2564,31752.74
2565,12950.592
2566,6801.817
2567,41176.695
2568,21471.664
2569,35660.098
2570,21992.926
2571,32798.11
2572,15394.147
2573,18086.576
2574,39225.63
2575,16947.586
2576,47337.535
2577,40046.746
2578,17907.648
2579,18395.408
2580,30515.35
2581,12756.208
2582,37112.957
2583,14698.359
2584,24500.191
2585,9484.368
2586,26761.389
2587,29028.727
2588,25795.059
2589,21998.654
2590,47781.16
2591,17753.033
2592,24336.982
2593,45806.86
2594,12876.931
2595,24714.578
2596,16879.246
2597,18553.89
2598,13509.264
2599,12309.943
2600,35471.094
2601,45146.184
2602,17910.736
2603,57267.387
2604,36519.79
2605,13574.546
2606,31215.209
2607,80783.71
2608,19497.31
2609,41041.02
2610,9493.912
2611,48573.477
2612,29766.002
2613,29767.818
2614,34631.215
2615,14108.47
2616,17878.346
2617,10631.251
2618,17113.271
2619,24227.113
2620,18134.861
2621,13591.972
2622,18824.744
2623,28063.63
2624,26871.834
2625,20545.098
2626,22446.402
2627,32702.004
2628,20269.584
2629,19372.068
2630,10421.523
2631,50899.85
2632,15447.787
2633,96962.2
2634,56204.72
2635,9013.911
2636,14390.116
2637,20602.604
2638,16180.129
2639,23694.508
2640,15538.92
2641,42194.11
2642,18043.059
2643,14338.679
2644,27744.963
2645,19533.824
2646,30833.47
2647,44359.887
2648,25520.084
2649,25576.389
2650,69026.26
2651,22337.213
2652,14718.831
2653,14690.719
2654,16364.141
2655,24463.412
2656,16957.51
2657,25730.164
2658,12776.364
2659,22776.04
2660,31844.865
2661,27044.033
2662,19401.113
2663,20178.86
2664,40657.023
2665,66467.61
2666,24040.295
2667,23532.617
2668,52072.75
2669,26171.422
2670,21108.926
2671,15939.769
2672,17577.451
2673,28604.863
2674,7666.358
2675,29022.451
2676,25657.002
2677,30348.053
2678,31523.49
2679,41699.918
2680,15030.062
2681,15357.533
2682,25373.861
2683,8022.5703
2684,30098.988
2685,38139.777
2686,22157.807
2687,51191.906
2688,23344.379
2689,22898.66
2690,27599.703
2691,13445.62
2692,13817.463
2693,26550.287
2694,28521.633
2695,16915.438
2696,36000.477
2697,12875.959
2698,8974.819
2699,14009.907
2700,31175.23
2701,31764.305
2702,10670.264
2703,26224.854
2704,17015.25
2705,9021.687
2706,21760.625
2707,37305.547
2708,64275.812
2709,23665.13
2710,26478.172
2711,37707.363
2712,17578.477
2713,27398.957
2714,9601.065
2715,37277.19
2716,12805.965
2717,8509.725
2718,71072.21
2719,40376.066
2720,43611.88
2721,14322.243
2722,25414.486
2723,43178.297
2724,13852.755
2725,31500.842
2726,22798.736
2727,21335.738
2728,36915.668
2729,31352.562
2730,15192.5205
2731,26530.654
2732,39033.586
2733,85466.78
2734,24584.79
2735,67735.63
2736,20629.244
2737,16456.484
2738,25189.166
2739,25623.703
2740,30118.361
2741,16026.339
2742,11540.507
2743,13275.35
2744,12539.595
2745,33318.617
2746,21458.205
2747,39000.48
2748,18149.098
2749,118618.47
2750,12309.693
2751,60246.074
2752,16252.05
2753,25563.44
2754,14125.843
2755,28219.71
2756,17669.365
2757,28874.713
2758,15897.686
2759,27093.436
2760,19385.568
2761,33995.504
2762,32285.453
2763,25634.184
2764,35793.887
2765,38818.395
2766,7206.615
2767,50379.79
2768,18491.996
2769,9065.855
2770,16650.193
2771,22033.656
2772,18291.14
2773,11984.095
2774,29211.424
2775,37453.297
2776,35380.027
2777,23010.615
2778,38691.586
2779,31268.633
2780,61025.883
2781,43831.152
2782,41042.008
2783,39190.676
2784,21400.568
2785,15458.812
2786,13974.292
2787,18400.154
2788,25977.95
2789,108317.805
2790,17116.822
2791,21314.885
2792,17058.732
2793,30922.676
2794,38159.082
2795,21354.805
2796,13554.222
2797,21084.76
2798,38052.957
2799,32714.594
2800,81999.19
2801,37907.473
2802,28535.158
2803,31945.55
2804,38561.26
2805,39166.4
2806,27425.453
2807,13538.445
2808,25570.877
2809,26235.33
2810,39176.973
2811,17969.031
2812,37198.89
2813,14876.268
2814,9421.769
2815,17197.113
2816,25926.55
2817,16988.096
2818,20877.75
2819,32338.443
2820,13859.782
2821,36587.676
2822,27421.412
2823,16186.655
2824,14318.678
2825,35288.895
2826,46013.11
2827,15083.837
2828,24902.068
2829,7952.4507
2830,21788.557
2831,9069.963
2832,24450.002
2833,18627.889
2834,13813.812
2835,23489.713
2836,17423.514
2837,29077.752
2838,11504.535
2839,35557.785
2840,13033.363
2841,21682.8
2842,16513.328
2843,25991.432
2844,25576.996
2845,25365.71
2846,19244.568
2847,39605.457
2848,19777.959
2849,23952.852
2850,23412.605
2851,12976.833
2852,31441.64
2853,27388.852
2854,45935.14
2855,24500.62
2856,29112.238
2857,11877.489
2858,42133.992
2859,64757.29
2860,32104.674
2861,27969.553
2862,23047.826
2863,19874.041
2864,53990.97
2865,60899.31
2866,34208.492
2867,14646.588
2868,80294.07
2869,33465.164
2870,63626.684
2871,33869.71
2872,38487.137
2873,41152.703
2874,29139.879
2875,13310.147
2876,26860.88
2877,29169.877
2878,15842.302
2879,10225.204
2880,24564.21
2881,28162.365
2882,14375.916
2883,25175.604
2884,36577.883
2885,15870.231
2886,16894.744
2887,38844.867
2888,17897.686
2889,17066.633
2890,24643.367
2891,18793.156
2892,26184.27
2893,7976.7573
2894,12283.278
2895,14946.501
2896,15635.313
2897,19752.18
2898,31498.92
2899,18610.97
2900,12663.883
2901,15317.121
2902,37440.355
2903,94813.11
2904,15485.555
2905,24629.652
2906,25183.885
2907,22264.336
2908,13770.302
2909,12653.616
2910,89336.1
2911,17517.53
2912,34258.4
2913,14610.702
2914,29493.254
2915,28701.016
2916,49901.582
2917,82493.84
2918,13030.547
2919,18355.969
2920,25863.879
2921,13606.56
2922,19888.986
2923,11563.294
2924,9249.331
2925,22387.885
2926,22455.031
2927,11922.7705
2928,16267.196
2929,13924.6
2930,15491.009
2931,34670.504
2932,14716.245
2933,45422.32
2934,9975.672
2935,19831.617
2936,64563.227
2937,38870.465
2938,12106.843
2939,15878.891
2940,65908.8
2941,53736.62
2942,27257.213
2943,14947.312
2944,12588.404
2945,14400.435
2946,37131.895
2947,42607.18
2948,25641.541
2949,34491.562
2950,24579.605
2951,66135.15
2952,15883.746
2953,16923.65
2954,25047.695
2955,34396.81
2956,25538.582
2957,15761.771
2958,18717.447
2959,107536.2
2960,38552.977
2961,29870.916
2962,19599.266
2963,15679.113
2964,32405.646
2965,12100.334
2966,23440.285
2967,17141.625
2968,21587.459
2969,38516.684
2970,26358.305
2971,16788.621
2972,15138.882
2973,24185.867
2974,26405.912
2975,26543.0
2976,34556.63
2977,12402.362
2978,23694.508
2979,8980.278
2980,25078.898
2981,23317.963
2982,36403.895
2983,41256.516
2984,12006.518
2985,53105.875
2986,23120.803
2987,25918.701
2988,31617.285
2989,41197.95
2990,15399.738
2991,29791.006
2992,37949.566
2993,15530.344
2994,16318.562
2995,15394.677
2996,49215.188
2997,13074.862
2998,53347.375
2999,31643.06
3000,36631.99
3001,24347.44
3002,28459.867
3003,9105.355
3004,59265.137
3005,25410.16
3006,18215.264
3007,23893.39
3008,23060.344
3009,16406.889
3010,15660.399
3011,61879.21
3012,120219.44
3013,18963.316
3014,22805.234
3015,15349.078
3016,15724.93
3017,26150.834
3018,21671.566
3019,11786.221
3020,39963.023
3021,10328.069
3022,24420.957
3023,40346.402
3024,29188.139
3025,16602.547
3026,24851.025
3027,32264.664
3028,24376.023
3029,29593.887
3030,38959.176
3031,23339.578
3032,18777.145
3033,8288.226
3034,16841.744
3035,28907.227
3036,25194.387
3037,29609.139
3038,17014.361
3039,12876.931
3040,10145.005
3041,35175.0
3042,37847.71
3043,61870.582
3044,11284.051
3045,15191.264
3046,18928.441
3047,15888.756
3048,40257.977
3049,16141.957
3050,28075.209
3051,15492.567
3052,16353.327
3053,38370.02
3054,14480.521
3055,12210.447
3056,12332.678
3057,18189.965
3058,21584.625
3059,8412.83
3060,29849.553
3061,29152.1
3062,16562.666
3063,30003.84
3064,27012.836
3065,21203.389
3066,26951.277
3067,12100.081
3068,17212.91
3069,20350.44
3070,19749.773
3071,27897.178
3072,18649.854
3073,12632.701
3074,26130.73
3075,42373.56
3076,16571.047
3077,27328.664
3078,27197.635
3079,40424.293
3080,15305.925
3081,30791.475
3082,18189.455
3083,21501.602
3084,32222.686
3085,36454.68
3086,15923.622
3087,33982.92
3088,27370.379
3089,46221.086
3090,16028.392
3091,28346.875
3092,37142.61
3093,14036.71
3094,32297.887
3095,22145.748
3096,17762.73
3097,24546.389
3098,11526.802
3099,38901.78
3100,22355.912
3101,19568.873
3102,15464.53
3103,27055.926
3104,16813.273
3105,12951.57
3106,53310.008
3107,12516.8545
3108,25443.816
3109,17083.635
3110,17716.72
3111,14175.222
3112,19868.592
3113,35555.996
3114,23994.014
3115,14211.382
3116,13048.939
3117,11959.683
3118,11876.188
3119,14265.243
3120,13149.314
3121,15621.846
3122,26015.021
3123,25475.148
3124,22660.22
3125,21501.602
3126,13941.275
3127,34670.504
3128,13053.002
3129,23750.781
3130,12514.026
3131,13594.522
3132,13160.264
3133,26322.031
3134,26297.633
3135,15955.417
3136,36265.64
3137,20678.691
3138,15122.324
3139,25872.982
3140,10720.939
3141,10212.538
3142,29242.43
3143,21548.969
3144,64261.492
3145,10789.661
3146,12707.892
3147,40488.715
3148,13344.625
3149,29395.432
3150,25816.725
3151,19781.47
3152,28002.674
3153,21849.85
3154,40301.824
3155,26884.53
3156,22737.84
3157,21399.271
3158,16884.775
3159,18227.717
3160,21935.252
3161,39635.73
3162,14380.61
3163,19063.572
3164,19837.443
3165,15758.949
3166,31679.098
3167,22750.15
3168,23579.371
3169,21288.662
3170,44261.36
3171,50434.91
3172,21316.271
3173,26281.658
3174,24644.307
3175,60222.3
3176,11253.622
3177,23319.717
3178,20438.477
3179,26785.61
3180,31552.914
3181,20367.592
3182,22290.873
3183,40004.383
3184,33743.34
3185,24872.174
3186,29780.105
3187,14050.165
3188,29769.094
3189,24473.979
3190,14243.19
3191,18882.398
3192,26516.447
3193,17360.041
3194,18380.23
3195,12655.917
3196,14960.473
3197,26517.26
3198,24613.62
3199,22156.232
3200,34901.395
3201,24144.68
3202,28598.287
3203,26093.049
3204,44485.914
3205,31525.875
3206,16350.691
3207,12704.19
3208,35912.45
3209,14626.461
3210,13155.72
3211,31452.393
3212,37550.684
3213,52151.14
3214,27049.967
3215,21889.715
3216,10901.373
3217,21246.008
3218,30753.129
3219,29808.309
3220,26478.38
3221,29029.62
3222,38383.293
3223,15149.521
3224,17257.414
3225,25919.186
3226,24621.31
3227,22654.209
3228,23401.65
3229,14243.347
3230,35061.812
3231,32871.605
3232,20312.34
3233,10532.527
3234,24060.295
3235,25719.928
3236,18151.693
3237,19214.994
3238,25237.52
3239,11271.139
3240,34587.066
3241,38334.543
3242,49176.426
3243,53256.406
3244,10834.487
3245,61107.023
3246,28052.389
3247,24564.082
3248,13191.048
3249,39863.2
3250,27922.857
3251,127645.0
3252,14890.197
3253,19332.79
3254,24667.086
3255,21987.053
3256,20188.9
3257,28452.678
3258,13592.964
3259,25420.15
3260,36598.312
3261,117857.16
3262,33939.707
3263,24551.998
3264,24818.146
3265,25957.898
3266,26256.646
3267,10307.502
3268,11164.157
3269,15225.553
3270,23139.092
3271,9854.4375
3272,26681.264
3273,24579.281
3274,38393.605
3275,24354.64
3276,28734.361
3277,8247.535
3278,25300.797
3279,37795.344
3280,72157.19
3281,32694.076
3282,22915.594
3283,22751.969
3284,13616.054
3285,12612.423
3286,24342.172
3287,37553.0
3288,11417.267
3289,24614.38
3290,15330.349
3291,25465.814
3292,35160.367
3293,20064.4
3294,11589.939
3295,43508.086
3296,29029.07
3297,14856.761
3298,10868.2705
3299,12001.173
3300,28842.648
3301,12854.355
3302,38912.438
3303,10326.188
3304,16712.506
3305,9049.902
3306,25134.36
3307,20501.287
3308,41084.758
3309,26516.447
3310,44133.22
3311,11704.567
3312,10222.905
3313,92742.19
3314,24783.133
3315,14519.562
3316,40626.18
3317,12704.064
3318,19922.89
3319,29513.71
3320,26124.725
3321,56199.57
3322,21603.547
3323,16676.443
3324,6632.409
3325,15369.429
3326,24354.64
3327,41086.816
3328,27523.928
3329,56221.816
3330,24756.56
3331,33661.445
3332,12340.728
3333,17609.818
3334,27937.664
3335,24951.916
3336,15767.009
3337,24374.012
3338,23402.434
3339,49091.24
3340,47169.03
3341,18874.64
3342,13604.748
3343,30002.414
3344,17563.303
3345,21813.33
3346,21831.2
3347,53704.996
3348,24181.857
3349,30544.256
3350,29597.662
3351,22808.467
3352,13404.999
3353,15823.187
3354,17369.674
3355,21107.355
3356,16030.283
3357,17352.598
3358,14272.329
3359,25370.83
3360,85054.55
3361,14370.344
3362,14821.508
3363,14010.794
3364,25148.92
3365,22562.08
3366,27369.83
3367,20138.469
3368,24113.074
3369,16208.308
3370,38002.293
3371,24297.768
3372,26849.639
3373,39555.617
3374,27954.686
3375,25495.068
3376,18064.738
3377,12152.958
3378,19014.346
3379,16159.352
3380,16769.11
3381,21303.438
3382,30736.12
3383,25719.139
3384,16305.56
3385,26086.143
3386,31280.393
3387,30971.137
3388,10680.008
3389,12182.122
3390,20231.545
3391,21489.354
3392,52969.457
3393,61353.848
3394,15212.594
3395,27900.951
3396,20139.654
3397,27002.188
3398,15583.622
3399,28245.021
3400,21061.35
3401,14800.868
3402,72356.49
3403,31345.182
3404,14531.715
3405,15650.41
3406,19874.465
3407,48819.508
3408,95930.55
3409,14881.083
3410,86209.88
3411,10584.125
3412,23414.299
3413,27416.863
3414,13531.45
3415,29177.328
3416,13271.939
3417,32693.559
3418,51445.574
3419,9006.374
3420,15563.567
3421,32297.117
3422,26991.24
3423,16746.893
3424,35376.918
3425,27006.648
3426,13348.434
3427,15222.458
3428,82980.18
3429,17282.303
3430,11652.201
3431,36678.496
3432,11841.938
3433,10667.477
3434,11755.681
3435,27844.15
3436,34398.16
3437,26038.928
3438,56800.164
3439,14381.848
3440,20796.213
3441,20154.658
3442,24074.781
3443,49465.867
3444,22539.492
3445,15081.545
3446,29168.348
3447,18257.807
3448,26298.822
3449,25969.598
3450,22667.18
3451,19051.941
3452,23628.574
3453,30071.482
3454,13567.033
3455,34292.94
3456,30086.828
3457,14229.181
3458,28330.74
3459,14719.153
3460,36459.52
3461,11823.105
3462,52724.953
3463,30826.7
3464,18463.543
3465,29284.006
3466,17606.213
3467,38308.34
3468,12551.448
3469,26273.469
3470,28011.5
3471,14964.843
3472,16251.713
3473,24959.611
3474,30690.264
3475,20232.324
3476,15774.266
3477,26551.156
3478,37514.367
3479,9074.533
3480,11943.7705
3481,18256.16
3482,30021.688
3483,16016.354
3484,11394.54
3485,12345.364
3486,21752.71
3487,62337.227
3488,24364.174
3489,10134.837
3490,32415.695
3491,11005.957
3492,28198.133
3493,26236.46
3494,13772.762
3495,9944.018
3496,35338.613
3497,9448.492
3498,23919.215
3499,122141.53
3500,24471.684
3501,12774.3
3502,15108.685
3503,16057.581
3504,23556.86
3505,59671.926
3506,17751.12
3507,33094.477
3508,17279.848
3509,11799.848
3510,20038.527
3511,27564.598
3512,19740.615
3513,49092.97
3514,32749.654
3515,36214.336
3516,36301.54
3517,7689.5864
3518,23325.355
3519,20177.162
3520,26063.896
3521,18824.066
3522,19946.69
3523,14799.538
3524,58519.39
3525,53646.06
3526,18273.162
3527,12935.013
3528,55376.766
3529,14101.97
3530,30116.75
3531,18845.027
3532,14218.32
3533,11221.897
3534,12920.336
3535,21143.023
3536,20582.21
3537,24413.03
3538,11405.153
3539,66363.51
3540,16747.764
3541,20434.385
3542,36767.29
3543,6940.5054
3544,31299.947
3545,49416.477
3546,13771.349
3547,21134.857
3548,27479.643
3549,25006.3
3550,19006.547
3551,11871.604
3552,49760.105
3553,32730.22
3554,24542.275
3555,12358.744
3556,30608.762
3557,22092.5
3558,11988.441
3559,24733.11
3560,26995.7
3561,19468.191
3562,16192.909
3563,22120.242
3564,13155.297
3565,41647.105
3566,34314.914
3567,21308.639
3568,48202.293
3569,16516.969
3570,26197.588
3571,27467.357
3572,71280.1
3573,17555.848
3574,25142.383
3575,15437.048
3576,15885.398
3577,43509.867
3578,36802.902
3579,26659.078
3580,8888.384
3581,32227.19
3582,14474.734
3583,29250.291
3584,61791.05
3585,35456.684
3586,29751.424
3587,27043.443
3588,26662.828
3589,30012.467
3590,13135.554
3591,19596.096
3592,39164.37
3593,31140.594
3594,21774.547
3595,40773.316
3596,27169.355
3597,14566.694
3598,24564.22
3599,28575.059
3600,50886.945
3601,23469.686
3602,39795.734
3603,30692.031
3604,15122.118
3605,15306.382
3606,17168.691
3607,20597.914
3608,15268.626
3609,32703.457
3610,38031.19
3611,11740.075
3612,27891.258
3613,174937.33
3614,13650.023
3615,119933.65
3616,35381.43
3617,25568.24
3618,12823.496
3619,25113.152
3620,11850.801
3621,12142.216
3622,19927.979
3623,7807.5015
3624,29570.182
3625,29220.959
3626,18206.395
3627,32151.752
3628,26409.334
3629,11948.281
3630,25010.105
3631,18588.021
3632,21397.77
3633,32941.504
3634,15864.559
3635,13057.01
3636,30478.143
3637,25180.924
3638,15509.913
3639,16202.431
3640,16945.518
3641,9206.893
3642,32643.375
3643,29203.193
3644,71994.41
3645,7076.34
3646,24970.188
3647,20423.693
3648,19737.475
3649,24512.307
3650,43445.445
3651,23339.578
3652,30242.947
3653,37443.82
3654,26198.355
3655,26608.666
3656,18315.74
3657,27192.043
3658,12044.974
3659,15987.378
3660,32472.89
3661,14918.542
3662,52769.61
3663,9912.025
3664,38330.6
3665,27742.64
3666,32883.152
3667,79086.17
3668,32343.787
3669,25059.424
3670,21189.85
3671,96815.08
3672,16474.643
3673,25082.986
3674,49492.17
3675,23293.084
3676,38994.973
3677,10810.895
3678,22470.152
3679,31476.812
3680,22650.252
3681,14828.529
3682,11413.037
3683,28567.506
3684,48072.02
3685,44376.816
3686,15012.425
3687,23368.486
3688,13414.619
3689,42612.797
3690,21822.566
3691,14695.178
3692,24103.66
3693,13588.87
3694,37149.797
3695,24335.78
3696,17164.283
3697,25898.445
3698,19380.6
3699,37923.49
3700,28727.363
3701,13075.391
3702,49342.664
3703,55810.977
3704,9550.367
3705,28422.875
3706,26338.76
3707,36104.934
3708,16618.97
3709,15102.6455
3710,20067.777
3711,27616.402
3712,16440.531
3713,21418.738
3714,18138.613
3715,31598.68
3716,25987.508
3717,14365.402
3718,31771.342
3719,24847.543
3720,14559.802
3721,32030.736
3722,7007.8247
3723,24627.629
3724,61942.2
3725,18605.498
3726,11723.582
3727,31742.8
3728,15002.759
3729,9377.108
3730,10270.204
3731,13024.259
3732,30973.027
3733,11022.91
3734,25012.127
3735,25001.85
3736,39961.355
3737,12192.563
3738,13959.018
3739,10863.352
3740,18375.346
3741,10704.822
3742,15541.431
3743,16026.97
3744,19123.203
3745,19825.086
3746,13015.205
3747,26325.822
3748,64540.688
3749,27670.871
3750,41047.773
3751,12763.705
3752,39834.17
3753,26525.502
3754,29222.893
3755,22289.197
3756,25862.465
3757,13263.038
3758,25442.896
3759,23351.334
3760,25402.135
3761,81786.875
3762,23097.025
3763,21839.775
3764,33095.332
3765,15723.157
3766,82548.88
3767,14000.663
3768,27008.209
3769,22051.66
3770,8215.829
3771,60704.72
3772,37763.24
3773,46520.516
3774,11809.403
3775,34400.348
3776,13064.158
3777,16627.107
3778,28159.828
3779,37584.656
3780,33069.598
3781,22951.516
3782,17121.182
3783,24034.246
3784,48392.805
3785,21172.025
3786,15138.511
3787,25241.578
3788,13538.245
3789,177305.89
3790,20314.184
3791,16055.871
3792,10554.461
3793,17735.121
3794,18799.941
3795,39941.566
3796,13937.189
3797,12539.788
3798,20329.748
3799,31880.525
3800,39002.22
3801,37119.508
3802,28471.637
3803,37768.023
3804,50300.12
3805,14013.403
3806,25322.432
3807,33026.633
3808,22609.275
3809,16604.129
3810,29654.898
3811,31118.93
3812,53490.105
3813,24500.707
3814,12618.485
3815,52632.367
3816,17082.852
3817,18333.123
3818,36218.035
3819,54280.86
3820,15217.055
3821,21641.934
3822,35647.47
3823,28155.916
3824,22669.977
3825,20595.502
3826,68040.586
3827,33355.227
3828,17732.672
3829,26467.541
3830,22995.129
3831,21155.523
3832,25534.375
3833,14233.701
3834,22899.264
3835,9846.81
3836,42987.26
3837,36919.773
3838,16465.262
3839,12830.999
3840,26084.705
3841,34892.066
3842,15225.2
3843,27676.0
3844,12080.317
3845,19888.68
3846,11787.17
3847,19998.207
3848,37513.137
3849,19468.191
3850,51812.355
3851,31422.096
3852,26043.059
3853,28787.715
3854,13423.199
3855,20370.088
3856,14810.365
3857,14630.33
3858,28552.992
3859,17080.215
3860,19904.35
3861,16591.744
3862,39772.562
3863,22967.547
3864,19907.666
3865,25224.027
3866,29085.676
3867,19918.42
3868,21026.959
3869,80737.02
3870,13272.883
3871,47540.098
3872,27148.754
3873,29174.096
3874,37081.926
3875,29090.832
3876,34078.613
3877,9510.257
3878,32036.463
3879,31834.293
3880,29200.408
3881,35536.906
3882,27214.127
3883,31825.682
3884,40771.31
3885,25002.7
3886,7735.515
3887,27780.564
3888,52855.68
3889,9085.986
3890,30690.857
3891,24403.234
3892,17445.951
3893,77158.54
3894,34752.86
3895,21197.57
3896,28000.488
3897,10082.468
3898,14151.029
3899,9278.394
3900,40829.21
3901,87122.98
3902,70548.23
3903,15362.798
3904,22748.354
3905,33709.305
3906,22743.062
3907,32150.22
3908,36363.242
3909,14530.3125
3910,16324.694
3911,20300.715
3912,17458.307
3913,25780.332
3914,30592.568
3915,40781.465
3916,17539.209
3917,42727.105
3918,12230.302
3919,32544.504
3920,42683.996
3921,11238.867
3922,15146.487
3923,11369.739
3924,29090.832
3925,13503.341
3926,19990.996
3927,55922.28
3928,21649.35
3929,41740.66
3930,57093.96
3931,17196.5
3932,19729.55
3933,8579.395
3934,17829.68
3935,25388.623
3936,28798.0
3937,19655.828
3938,41916.934
3939,17624.148
3940,143549.98
3941,26299.936
3942,14187.873
3943,38829.137
3944,38506.008
3945,36227.695
3946,29470.066
3947,18693.41
3948,27206.08
3949,49576.44
3950,24494.242
3951,42045.36
3952,54838.188
3953,30383.652
3954,33955.49
3955,21037.389
3956,22274.807
3957,20412.05
3958,24611.1
3959,14615.752
3960,28705.564
3961,15010.189
3962,40956.29
3963,19052.418
3964,28092.125
3965,34602.53
3966,13594.522
3967,48782.56
3968,23025.033
3969,29859.316
3970,82018.63
3971,22598.549
3972,17729.227
3973,19300.082
3974,23514.63
3975,11710.521
3976,39400.836
3977,15962.785
3978,32267.564
3979,36561.055
3980,29102.553
3981,19639.91
3982,13493.829
3983,16816.812
3984,16557.256
3985,20815.018
3986,17762.596
3987,9609.0
3988,29451.008
3989,34247.645
3990,103272.734
3991,22950.537
3992,60761.535
3993,16762.8
3994,53583.156
3995,35266.12
3996,42404.13
3997,28828.352
3998,15179.176
3999,27496.127
4000,17338.328
4001,37379.188
4002,12630.322
4003,37294.355
4004,24741.879
4005,23222.293
4006,16378.029
4007,16279.41
4008,24218.012
4009,36259.555
4010,25364.262
4011,13568.666
4012,17949.55
4013,29766.002
4014,50419.734
4015,36092.934
4016,28299.75
4017,16303.691
4018,18116.29
4019,37547.395
4020,17958.963
4021,66666.04
4022,21521.53
4023,11029.922
4024,30864.324
4025,33983.27
4026,18983.562
4027,38817.32
4028,25283.705
4029,31823.268
4030,152962.98
4031,29846.71
4032,9072.525
4033,52583.176
4034,25785.547
4035,23647.578
4036,31686.633
4037,53680.95
4038,38868.473
4039,31623.715
4040,32026.594
4041,108422.89
4042,31592.18
4043,18526.125
4044,26555.49
4045,12147.116
4046,18287.78
4047,31683.785
4048,27433.475
4049,29249.432
4050,21017.393
4051,17868.441
4052,8462.981
4053,13129.916
4054,13599.529
4055,20904.691
4056,21268.04
4057,135891.52
4058,18610.37
4059,12379.524
4060,11668.902
4061,29597.662
4062,12714.609
4063,29834.379
4064,43199.105
4065,14255.581
4066,9232.916
4067,22815.229
4068,25785.547
4069,18369.02
4070,80039.0
4071,12919.534
4072,21267.234
4073,24063.152
4074,28761.434
4075,29301.885
4076,13830.412
4077,38981.195
4078,43090.195
4079,16685.223
4080,10287.399
4081,17269.25
4082,53621.26
4083,16973.844
4084,25720.016
4085,25028.996
4086,8108.7896
4087,13066.639
4088,20939.648
4089,24334.55
4090,20280.164
4091,11494.917
4092,44274.914
4093,17268.33
4094,52624.555
4095,90937.62
4096,33312.36
4097,15608.494
4098,14741.176
4099,33843.42
4100,17044.2
4101,31969.93
4102,11371.739
4103,14362.198
4104,18777.467
4105,40626.52
4106,9604.338
4107,28131.01
4108,14757.477
4109,32554.018
4110,32465.158
4111,16840.645
4112,54345.375
4113,18697.85
4114,14445.676
4115,24150.36
4116,28915.744
4117,38049.19
4118,14291.529
4119,16411.125
4120,32655.172
4121,30055.041
4122,17332.006
4123,10397.034
4124,30716.426
4125,20743.598
4126,13250.029
4127,27675.096
4128,36476.977
4129,16556.484
4130,20795.957
4131,24849.135
4132,24118.773
4133,27120.55
4134,18635.682
4135,21914.979
4136,17018.201
4137,20596.27
4138,8716.772
4139,46864.0
4140,39807.668
4141,155785.16
4142,38439.605
4143,46384.164
4144,24374.479
4145,14565.323
4146,12220.356
4147,28708.465
4148,12475.62
4149,86425.56
4150,23458.197
4151,77689.41
4152,22415.242
4153,9102.434
4154,15370.759
4155,21632.5
4156,7261.2744
4157,47459.777
4158,18009.236
4159,33626.562
4160,85653.26
4161,37810.098
4162,27902.361
4163,11845.618
4164,11666.264
4165,18261.445
4166,17670.775
4167,22057.545
4168,15249.433
4169,56444.926
4170,32590.703
4171,8930.333
4172,62055.6
4173,19268.99
4174,9686.993
4175,17987.459
4176,11242.807
4177,25624.758
4178,14511.118
4179,23575.209
4180,16424.25
4181,38005.555
4182,10763.209
4183,14851.558
4184,12849.816
4185,28874.234
4186,12372.696
4187,16162.442
4188,27880.793
4189,17066.885
4190,39663.695
4191,13578.498
4192,26907.434
4193,64940.92
4194,10200.738
4195,23705.11
4196,24823.414
4197,37227.21
4198,23486.137
4199,13783.193
4200,38362.754
4201,11230.563
4202,24425.82
4203,17877.19
4204,20932.475
4205,49267.59
4206,16281.135
4207,11705.636
4208,25504.879
4209,14211.178
4210,28759.867
4211,17275.062
4212,9128.716
4213,15818.414
4214,33262.06
4215,23422.662
4216,41773.805
4217,10074.725
4218,24682.906
4219,16370.803
4220,30758.137
4221,12980.878
4222,14292.01
4223,14539.269
4224,38496.04
4225,42873.035
4226,30845.9
4227,38817.32
4228,22587.277
4229,59407.234
4230,12491.278
4231,21056.445
4232,12901.856
4233,15964.166
4234,55860.652
4235,37930.625
4236,28285.588
4237,37341.53
4238,23341.451
4239,16929.895
4240,12421.639
4241,13166.49
4242,63226.484
4243,12649.146
4244,27399.682
4245,15050.319
4246,46998.332
4247,29013.434
4248,37410.49
4249,26548.367
4250,9764.487
4251,18553.945
4252,26586.605
4253,13339.418
4254,14536.372
4255,27595.867
4256,18673.0
4257,45916.605
4258,15962.181
4259,32457.812
4260,24782.73
4261,18115.139
4262,24777.486
4263,37295.76
4264,25907.072
4265,26468.254
4266,62546.082
4267,18415.904
4268,14190.445
4269,31362.928
4270,28295.334
4271,22893.812
4272,43117.992
4273,47366.363
4274,23691.688
4275,11963.232
4276,11471.126
4277,16448.203
4278,21572.35
4279,49780.66
4280,13211.386
4281,23767.512
4282,20789.715
4283,21356.354
4284,20289.404
4285,20212.266
4286,17774.48
4287,89549.25
4288,22713.295
4289,30040.312
4290,18884.707
4291,14981.45
4292,13910.291
4293,29993.27
4294,17432.252
4295,32665.215
4296,17572.736
4297,17372.613
4298,26534.814
4299,15393.045
4300,67975.64
4301,27543.074
4302,10620.941
4303,21802.766
4304,16461.54
4305,26389.115
4306,15088.633
4307,16157.667
4308,19741.0
4309,31084.875
4310,19556.352
4311,39160.312
4312,38272.844
4313,44715.99
4314,35865.65
4315,26825.09
4316,21471.773
4317,18976.426
4318,14452.413
4319,220914.53
4320,19174.072
4321,16020.377
4322,13286.11
4323,23153.436
4324,22041.158
4325,12011.582
4326,22202.635
4327,13094.023
4328,44263.56
4329,14455.869
4330,37080.72
4331,29497.72
4332,23943.895
4333,34260.312
4334,51652.57
4335,36365.508
4336,22282.121
4337,12464.575
4338,19831.617
4339,29580.498
4340,12891.601
4341,34047.97
4342,22222.688
4343,35991.36
4344,13663.4
4345,23928.926
4346,35088.266
4347,76681.55
4348,24667.053
4349,18421.523
4350,15777.466
4351,28155.047
4352,9869.415
4353,13350.475
4354,26398.217
4355,13761.393
4356,37251.34
4357,21121.047
4358,15354.735
4359,162629.06
4360,14071.378
4361,24183.504
4362,54439.426
4363,12758.601
4364,60923.38
4365,23664.752
4366,20595.373
4367,19869.031
4368,25241.578
4369,18449.922
4370,24819.682
4371,53642.75
4372,45633.77
4373,14228.593
4374,26874.06
4375,8421.971
4376,8090.896
4377,24558.139
4378,19493.008
4379,30167.416
4380,49255.61
4381,10035.538
4382,67092.44
4383,22286.691
4384,12461.069
4385,18571.957
4386,42760.14
4387,24790.18
4388,21461.586
4389,55869.816
4390,11755.477
4391,12711.555
4392,21073.277
4393,31233.418
4394,16556.469
4395,9933.113
4396,27922.857
4397,18585.959
4398,21853.553
4399,22788.883
4400,28026.875
4401,40669.797
4402,36352.445
4403,28591.812
4404,17498.537
4405,14320.824
4406,29450.705
4407,67568.55
4408,11411.228
4409,22899.912
4410,38495.918
4411,26446.434
4412,17696.445
4413,43353.285
4414,19856.357
4415,14151.781
4416,15469.544
4417,7933.718
4418,5777.165
4419,22175.531
4420,10745.539
4421,14157.951
4422,28859.898
4423,36420.918
4424,16895.379
4425,26189.041
4426,12064.512
4427,38776.28
4428,27614.16
4429,18699.773
4430,18027.27
4431,26411.484
4432,34094.195
4433,27551.613
4434,21223.281
4435,17808.395
4436,21628.688
4437,24568.795
4438,61069.598
4439,42748.312
4440,24936.125
4441,20266.656
4442,21856.654
4443,19008.852
4444,10651.541
4445,10429.758
4446,12590.7295
4447,27970.92
4448,27022.285
4449,22070.96
4450,26299.543
4451,24311.883
4452,30682.203
4453,14936.217
4454,27614.293
4455,38855.098
